User-ID,ISBN,Book-Title
2,1558535969,How To Be A Gentleman : A Contemporary Guide to Common Courtesy
2,0198602022,The Oxford Color Dictionary
2,0195129067,The Gettysburg Nobody Knows (Gettysburg Lectures)
2,006093185X,Bootleg
2,0609809768,Esquire Presents: What It Feels Like : *To Walk on the Moon*To Be Gored by a Bull*To Survive an Avalanche *To SwallowSwords*To Go Over Niagara Falls in a Barrel*To Be Shot in the Head*To Win the L
2,0141312521,The Outsiders (Puffin Teenage Fiction)
2,0613231511,Big Joe's Trailer Truck (Random House Picturebacks)
2,0380731517,Danger Along the Ohio (An Avon Camelot Book)
2,006254490X,Writing on Both Sides of the Brain : Breakthrough Techniques for People Who Write
2,8429743294,Mela (El balancÃ­)
8,031218171X,The Saskiad
8,0609809431,Kick Me: Adventures in Adolescence
8,0786867906,Strip City: A Stripper's Farewell Journey Across America
8,1558532854,Postcards from Live and Learn and Pass It on
8,0451458508,The Pillars of the World
8,0451457935,Stardoc II: Beyond Varallan (Stardoc (Paperback))
8,0812570812,Rhapsody : Child of Blood
8,0451458923,"Summer Knight (The Dresden Files, Book 4)"
8,0451458915,Eternity Row (Stardoc (Paperback))
8,0684859300,Change Your Life Without Getting Out of Bed : The Ultimate Nap Book
9,0440236673,The Brethren
9,0446610038,1st to Die: A Novel
9,0440213525,The Client
9,0440241073,The Summons
9,0440220602,The Chamber
9,0440221471,The Runaway Jury
9,0440224764,The Partner
9,044022165X,The Rainmaker
9,0440225701,The Street Lawyer
9,0446605239,The Notebook
10,0373250169,L. A. Woman (Red Dress Ink)
10,1853260061,Portrait of the Artist As a Young Man (Wordsworth Classics)
10,0373250231,Spanish Disco (Red Dress Ink (Paperback))
10,0373250487,Rescuing Rose (Red Dress Ink)
10,0061054143,The X-Files: Goblins
10,1560761555,Vampire of the Mists (Ravenloft Books)
10,0060512377,Does She or Doesn't She?
10,0060562773,A Girl's Best Friend
10,0064473627,"Knocked Out by My Nunga-Nungas : Further, Further Confessions of Georgia Nicolson (Confessions of Georgia Nicolson)"
10,0802137008,Pure
12,0440213665,Dear Mr. Henshaw
12,0837604249,An American Tragedy
12,014003711X,In a free state
12,3471782249,Providence und zurÃ¼ck: Roman
12,0689836570,Strange Boy
12,0440987024,This School Is Driving Me Crazy
12,0553281143,The Obnoxious Jerks
12,074991002X,Alone with the Devil: Psychopathic Killings That Shocked the World
12,0936728620,New Wine or Old Deception:
12,0440981751,Summer of the Monkeys
14,0064471799,X Files YA #12 Grotesque (X Files YA)
14,0553278533,"The Silver Glove (Socery Hall Trilogy, Vol 2)"
14,0671607561,MINDSHADOW STR TRK
14,0451821866,The Grail tree
14,0061062154,Maxine's Blue Ribbon (Pony Camp No 3)
14,0440228956,The Headless Cupid (Yearling Books (Paperback))
14,1577595432,Anne of Green Gables (Dalmatian Press Adapted Classic)
14,0689829523,Welcome To Blues Clues (Blue's Clues)
14,0880015241,The Paper Wife
14,0743418549,Gateways #1:  One Small Step (Star Trek)
16,0425158616,Cause of Death
16,0425163407,Unnatural Exposure
16,0425147622,The Body Farm
16,0451183665,A Case of Need
16,0449003795,P Is for Peril
16,042516098X,Hornet's Nest
16,0140298479,Bridget Jones: The Edge of Reason
16,0553260111,The Bourne Identity
16,0451203771,Scarlet Feather
16,0380789019,Neverwhere
17,0812521668,Necroscope
17,0671042548,"Surrender, Dorothy : A Novel"
17,0812520629,The Last Aerie (Necroscope: Vampire World Trilogy)
17,0812524829,Slant
17,0684835096,WILD THOUGHTS FROM WILD PLACES
17,0812570626,The English Governess at the Siamese Court
17,0812566734,Necroscope: Defilers (Necroscope: E-Branch Trilogy)
17,0312855176,Slant
17,0671899481,BEST AMERICAN POETRY 1994
17,0452272599,M Butterfly
19,078686351X,Dirty Jokes and Beer : Stories of the Unrefined
19,0849911788,The Oath: A Novel
19,0375410538,Anil's Ghost
19,1565123638,The Last Girls (Shannon Ravenel Books (Hardcover))
19,0671521705,GUMP &amp; CO
19,0786865504,World of Pies : A Novel
19,0786865482,"Life Strategies: Doing What Works, Doing What Matters"
19,0618231617,Almost: A Novel
19,3250600555,Monsieur Ibrahim und die Blumen des Koran. ErzÃ?Â¤hlung.
19,0743439651,Still Waters
20,042515291X,Katherine
20,0425194833,Miss Wonderful (Berkley Sensation)
20,0425169715,The Wishbones
20,0425161420,Is There a Dead Man in the House?
20,0425149811,Portofino: A Novel
20,0446671487,The Ice Storm
20,0425157768,Saving Grandma
20,0425191788,Sunshine
20,0446302228,Poltergeist
20,0425168956,The Titian Committee (Art History Mysteries)
22,3423203498,"Weine, Alegria."
22,3442432561,Die SÃ?Â¼nde der Engel.
22,3423241888,Heiraten macht mich nervÃ?Â¶s.
22,3453188217,Die Blume der Diener.
22,3453028562,Hazelden MeditationsbÃ?Â¼cher. Jeder Morgen bringt neue Hoffnung. Meditationen fÃ?Â¼r jeden Tag.
22,3453171489,Die schÃ?Â¶ne Schrift.
22,3423126280,Das Sagenbuch der walisischen Kelten. Die vier Zweige des Mabinogi.
22,3423203129,Tarzan. Der Originalroman
22,3442427401,Mut und Gnade.
22,345386476X,Die letzte Zauberin. Valorians Kinder.
23,1400060923,"Lost Boy, Lost Girl"
23,0679436073,Spontaneous Healing: How to Discover and Enhance Your Body's Natural Ability to Maintain and Heal Itself
23,0385336403,Cloud of Sparrows
23,0679769781,"We're Right, They're Wrong: A Handbook for Spirited Progressives"
23,0671528165,PEOPLE OF THE LIE
23,0670030961,"Mary, Called Magdalene"
23,0375501851,White Teeth
23,0679423907,"Cities of the Plain : A Novel (Border Trilogy, V. 3.)"
23,0316107093,Toons for Our Times: A Bloom County Book of Heavy Metal Rump 'N Roll
23,0743406125,Year Zero
26,0316284955,White Oleander : A Novel (Oprah's Book Club)
26,0312291639,The Nanny Diaries: A Novel
26,0375706771,Midwives: A Novel
26,0452282829,We Were the Mulvaneys
26,0060934417,Bel Canto: A Novel
26,0671510053,SHIPPING NEWS
26,006101351X,The Perfect Storm : A True Story of Men Against the Sea
26,0385335482,Confessions of a Shopaholic (Summer Display Opportunity)
26,0385484518,"Tuesdays with Morrie: An Old Man, a Young Man, and Life's Greatest Lesson"
26,0375707972,The Reader
32,0061013668,Here Comes the Bride
32,0060514051,How to Treat a Lady (St. John Brothers)
32,0380733234,Misconception
32,0380785749,Happily Ever After (An Avon Romantic Treasure)
32,0380785714,Lyon's Gift (An Avon Romantic Treasure)
32,0380785722,Perfect in My Sight (An Avon Romantic Treasure)
32,0380813165,A Great Catch (Avon Light Contemporary Romances)
32,0515120464,Tainted Blood
32,0451200861,I Ain't Got Time to Bleed: Reworking the Body Politic from the Bottom Up
32,0060543132,England's Perfect Hero
36,0393318672,The Ugly American
36,0393960633,Modern Irish Drama (Norton Critical Edition)
36,0671791931,Boundaries (Fireside/Parkside Recovery Book)
36,0671721550,The Regiment's War
36,0684802368,The ONLY JOB HUNTING GUIDE YOU'LL EVER NEED: COMPREHNSV GDE JOB &amp; CAREER REV
36,0312181140,In the Deep Midwinter
36,0671876260,TOMORROW SUCKS: SF VAMPIRE STORIES
36,0393020185,The Seven Daughters of Eve: The Science That Reveals Our Genetic Ancestry
36,0316158402,Tandia PB: Photo CL
36,0679756515,"Sex, Economy, Freedom &amp; Community: Eight Essays"
39,0440225272,Homecoming
39,0449206211,Murder on Embassy Row (Capital Crime Mysteries)
39,0061013420,Worst Fears Realized
39,0440225043,The Midnight Hour
39,0440214009,Treasures
39,0449221873,Mexico
39,051513399X,Smoke in Mirrors
39,0061094234,Dirt
39,0380798565,The Ape Who Guards the Balance : An Amelia Peabody Mystery
39,0449219399,Murder at the National Cathedral (Capital Crime Mysteries)
42,0553279378,I Know Why the Caged Bird Sings
42,0446516538,Slow Waltz in Cedar Bend
42,0553273914,The House of the Spirits
42,0553579754,Fear Nothing
42,0553272535,Night
42,0142001805,The Eyre Affair: A Novel
42,0446607711,The Simple Truth
42,0446394521,Daisy Fay and the Miracle Man
42,0142001430,Year of Wonders
42,055356451X,Night Sins
44,0425180638,The Last Precinct
44,0553250426,The Clan of the Cave Bear (Earth's Children (Paperback))
44,0449907481,A Thousand Acres (Ballantine Reader's Circle)
44,0425167313,Here on Earth
44,0671014196,The Summerhouse
44,0380718340,Cruel &amp; Unusual (Kay Scarpetta Mysteries (Paperback))
44,0553260111,The Bourne Identity
44,080411868X,"Welcome to the World, Baby Girl!"
44,0425169863,Point of Origin
44,0345413903,The Murder Book
51,044022165X,The Rainmaker
51,0446606812,Message in a Bottle
51,0440221471,The Runaway Jury
51,0440206154,Red Dragon
51,0060502258,The Divine Secrets of the Ya-Ya Sisterhood: A Novel
51,044651652X,The Bridges of Madison County
51,0439064872,Harry Potter and the Chamber of Secrets (Book 2)
51,006101351X,The Perfect Storm : A True Story of Men Against the Sea
51,0671510053,SHIPPING NEWS
51,0375706771,Midwives: A Novel
53,0375507639,A Long Way from Home: Growing Up in the American Heartland
53,0312981201,Fatalis : A Novel
53,0743463846,Loaded
53,0689113161,AND MORE BY ANDY ROONEY
53,0670031410,Thieves in High Places: They've Stolen Our Country--And It's Time to Take It Back
53,0062509152,Gertrude and Alice
53,1582431817,A Student of Weather
53,0064430367,Amelia Bedelia Helps Out
53,0312976410,The Surgeon's Wife (St. Martin's True Crime Library)
53,0679444076,The Wisdom of the Body: Discovering the Human Spirit
56,0345387554,The Horse You Came In On
56,0671003364,Ransom
56,0345404793,Protect and Defend
56,0671793543,You Belong to Me and Other True Cases (Ann Rule's Crime Files: Vol. 2)
56,044661095X,Killing Time
56,0345404785,Dark Lady
56,0345430573,A Certain Justice (Adam Dalgliesh Mysteries (Paperback))
56,0345345738,Women in His Life
56,0425117383,At Risk
56,0671793535,A Rose For Her Grave &amp; Other True Cases (Ann Rule's Crime Files)
64,2070516504,Le lion
64,2070400956,Le lion
64,3453864433,Auf ganzer Linie.
64,3453176367,"Markt &amp; Technik bei Heyne, Bd.85, HTML"
64,2070513440,Le lion
64,207040918X,Le Cid
64,3453177673,In fremden Betten.
64,345319747X,In fremden Betten.
64,3404921186,Die Rache des glÃ?Â¼cklichen Mannes.
64,8432207713,Tiempo De Silencio
67,0449912108,The Witches of Eastwick
67,0345319281,Garfield Makes It Big (Garfield (Numbered Paperback))
67,0449911217,In the Beauty of the Lilies
67,0345309979,"Belgariad Part One (Eddings, David. , the Belgariad, Bk. 1.)"
67,0345331354,Cosmos
67,0449908585,The Happy Isles of Oceania: Paddling the Pacific
67,0671606840,FLOWERS IN ATTIC (Dollanger Saga (Paperback))
67,0449910857,The Pillars of Hercules: A Grand Tour of the Mediterranean
67,0345260627,Splinter of the Mind's Eye
67,0345273303,Another Roadside Attraction
68,1853260908,Around the World in Eighty Days: 5 Weeks in a Balloon (Wordsworth Classics)
68,0140622306,A Portrait of the Artist as a Young Man (Penguin Popular Classics)
68,0140031928,On the Road (Modern Classics S.)
68,0880387769,"The Brothers Majere (Dragonlance:  Preludes, Book 3)"
68,0140620508,Ivanhoe (Penguin Popular Classics)
68,1566199700,The Metamorphosis and other stories
68,3453190041,Ruf. Mich. An.
68,1853262382,Return of the Native (Wordsworth Collection)
68,1853260649,Shirley (Wordsworth Collection)
68,3442446929,Der Keltische Ring.
69,0312308590,Year's Best Science Fiction: Twentieth Annual Collection
69,0312964250,Overture to Death (Dead Letter Mysteries)
69,0312308604,Year's Best Science Fiction: Twentieth Annual Collection
69,0312971745,"Naughty, Naughty"
69,0312968329,Death of a Fool (St. Martin's Dead Letter Mysteries.)
69,0312970102,Killer Dolphin
69,0312973063,Safe Harbor
69,0312192436,Body Language
69,0312974264,Perfect Love
69,0312963963,Death of an Angel (Sister Mary Helen Mystery)
70,1410749029,Step Off the Edge
70,1410799654,Higher Consciousness Through Happy Homemaking
70,0759684545,Alpine Achievement: A Chronicle of the United States Disabled Ski Team
70,1403369720,Aloette
70,1410764389,World in Equilibrium: An Alternative Approach to the Theory of Emergence of Species
70,0714127868,The British Museum
70,0750923377,Romanov Autumn: Stories from the Last Century of Imperial Russia
70,073850307X,"Jefferson County, WI"
70,187853307X,Loss of the Ground-Note: Women Writing About the Loss of Their Mothers
70,0750913088,Prince Leopold: The Untold Story of Queen Victoria's Youngest Son
73,0060097469,Dancing in My Nuddy-Pants : Even Further Confessions of Georgia Nicolson (Confessions of Georgia Nicolson)
73,1555912400,Biblioholism: The Literary Addiction
73,8251800811,A Time for Trolls: Fairy Tales from Norway
73,0525946578,The Virgin's Knot
73,0380732238,Smack
73,0373250312,Slim Chance (Red Dress Ink (Paperback))
73,1573229377,Anger: Wisdom for Cooling the Flames
73,0380788314,Einstein's Bridge
73,0451522222,Hunchback of Notre Dame
73,0060393211,Running in Heels: A Novel
75,0380718332,All That Remains (Kay Scarpetta Mysteries (Paperback))
75,0446670251,The Virgin Suicides
75,044651862X,The Celestine Prophecy (Celestine Prophecy)
75,0553275976,The Bonfire of the Vanities
75,0743225406,The Shipping News : A Novel
75,0446532231,"Dude, Where's My Country?"
75,0385335881,Shopaholic Takes Manhattan (Summer Display Opportunity)
75,0345439104,Drowning Ruth (Oprah's Book Club)
75,0380018179,The Thorn Birds
75,044022103X,One True Thing
77,0375504613,A Short Guide to a Happy Life
77,0441005489,"Redwall (Redwall, Book 1)"
77,0812543262,Relic
77,0446604658,Lucky You
77,0380600129,The Indian in the Cupboard
77,0679433740,Paradise
77,0028604199,Once upon a More Enlightened Time: More Politically Correct Bedtime Stories
77,0385494246,Amsterdam : A Novel
77,0140042393,The Grapes of Wrath
77,0517122707,A Confederacy of Dunces
78,0786819146,"The Eternity Code (Artemis Fowl, Book 3)"
78,0786817879,"Artemis Fowl (Artemis Fowl, Book 1)"
78,0812551478,"Blood of the Fold (Sword of Truth, Book 3)"
78,0786808012,"Artemis Fowl (Artemis Fowl, Book 1)"
78,3442413338,"Lauf, Jane, lauf. Roman."
78,0140620125,Wuthering Heights (Penguin Popular Classics)
78,0345427653,Star Wars Episode 1: The Phantom Menace
78,0553213180,Anne's House of Dreams
78,0373250134,Slightly Single (Red Dress Ink (Paperback))
78,0020442408,Prince Caspian
79,2207252817,"La ForÃ?Âªt des Mythagos, tome 1"
79,0816708487,Emerald City of Oz
79,0786005297,Severed Relations
79,0451170873,A Chance Encounter (Signet Regency Romance)
79,0451620461,Two Cheers for Capitalism
79,1569874484,Sugar Free Cooking : Step by Step
79,155513338X,On My Own Handbook: 100 Secrets of Success
79,0553279130,"You Are a Superstar (Choose Your Own Adventure, No, 91)"
79,0451165381,The Talisman (Signet Regency Romance)
79,0679869662,How to Reach Your Favorite Star (Kidbacks)
81,0394574745,"All the Pretty Horses (Border Trilogy, Vol 1)"
81,0743439651,Still Waters
81,0786865482,"Life Strategies: Doing What Works, Doing What Matters"
81,0375759778,Prague : A Novel
81,0385337477,Lord John and the Private Matter
81,0375507876,Prague : A Novel
81,0671521705,GUMP &amp; CO
81,0786889322,I'm Not Really Here
81,0786865504,World of Pies : A Novel
81,0786884622,World of Pies : A Novel
82,0963056611,A Quest Among the Bewildered
82,3426777258,Saddams blutiges Erbe. Der wirkliche Krieg steht uns noch bevor.
82,0964442701,The Great Delaware Sports Book
82,096987040X,Gelato with the Pope: and Other Adventures of a Travel Writer in Europe
82,9646635334,Persia - Older Than History
82,0878570926,The manual of practical homesteading
82,1591460573,Hunters of the Shadows
82,8822112180,Ã? sucesso solo 50 anni fa: Lo sterminio di sei milioni di Ebrei
82,0921980027,"Out of Incest &amp; Abuse, A Book of Hope"
82,8203178960,Blindramme: Noveller
83,0525935835,A Cat's Little Instruction Book
83,0151001812,The Fencing Master
83,0671552856,Circles Of Stone
83,0679443908,The Camera My Mother Gave Me
83,0684803143,Messiah
83,0743249992,Bringing Down the House: The Inside Story of Six M.I.T. Students Who Took Vegas for Millions
83,0312306180,Jenny and the Jaws of Life: Short Stories
83,0764223313,The Betrayal (Abram's Daughters)
83,1565122798,Educating Esme: Diary of a Teacher's First Year
83,0375760504,Life After Death
85,0440218926,Summer of My German Soldier (Law at Work)
85,1573181544,L. Ron Hubbard Presents Writers of the Future : The Year's 17 Best Tales from the Writers of the Future International Writing Program
85,1584855185,Cecile: Gates of Gold (Girls of Many Lands)
85,0373871295,Undercover Angel (Love Inspired (Numbered))
85,074346754X,"Homecoming, Book 1 (Star Trek: Voyager)"
85,0064406148,"Darkness Falls (X Files, No 2)"
85,0590486101,Black Beauty (Apple Classics)
85,0061020761,The Patriot
85,0061076163,The Affair of the Necklace
85,0064472531,Violet &amp; Claire
86,0679722653,Woman in the Dark: A Novel of Dangerous Romance (Vintage Crime)
86,0060920467,Life in a Medieval Village
86,0060930691,Eating the Honey of Words : New and Selected Poems
86,0394724380,The New Women of Wonder: Recent Science Fiction Stories by Women about Women
86,0394755340,Crackpot: The Obsessions of John Waters
86,0394729315,Norwood (Vintage Contemporaries)
86,0142000604,The Muse Asylum
86,0141180536,The Naked Civil Servant (Penguin Twentieth-Century Classics)
86,0060937173,Discovering the Body
86,0060926198,A Valley in Italy
87,037541536X,Horatio's Drive: America's First Road Trip
87,0679734155,The Pencil: A History of Design and Circumstance
87,1400041651,Port Mungo
87,0743470397,At Home in Covington (Covington)
87,0679451277,Back from the Dead
87,0786885475,Ten Fun Things to Do Before You Die
87,0156002523,"Melancholy Of Rebirth: Essays From Post-Communist Central Europe, 1989-1994"
87,0670030635,How to Build a Time Machine
87,155970134X,The Old Man and Mr. Smith: A Fable
87,0385505140,"Keeping the Faith: Stories of Love, Courage, Healing and Hope from Black America"
88,0739434845,No Sanctuary
88,0312118244,Holy Terror
88,0758200919,In Search of a Master
88,0307215970,Trixie Belden Series-No.26-The Mystery of the Headless Horseman (Trixie Belden)
88,0385295375,Paint the Wind
88,0771026641,The Dance of Shiva
88,0002255855,Black Ajax
88,038001002X,Call It Sleep
88,0671676709,The War in 2020
88,0380976366,Deepdrive
91,0385484518,"Tuesdays with Morrie: An Old Man, a Young Man, and Life's Greatest Lesson"
91,0375706771,Midwives: A Novel
91,0440206154,Red Dragon
91,0786868716,The Five People You Meet in Heaven
91,0671510053,SHIPPING NEWS
91,006101351X,The Perfect Storm : A True Story of Men Against the Sea
91,0312291639,The Nanny Diaries: A Novel
91,0385492081,Into Thin Air : A Personal Account of the Mt. Everest Disaster
91,0060934417,Bel Canto: A Novel
91,0446310786,To Kill a Mockingbird
92,8401341744,Mi Pais Inventado
92,9728423160,Nos teus braÃ§os morrerÃ­amos: FicÃ§Ã£o
92,8445071416,El Hobbit
92,1563893223,System
92,3518397362,Fortunas Tochter
92,3257233051,Veronika Deschliesst Zu Sterben / Vernika Decides to Die
92,8423325113,El Camino (Clasicos Contemporaneos Comentados)
92,8440685564,Planeta Champu
92,9500814730,Ser digital
92,0595173489,Sugar Ain't Sweet
95,0805063897,Nickel and Dimed: On (Not) Getting By in America
95,0684874350,ANGELA'S ASHES
95,1558743669,"A Child Called \It\"": One Child's Courage to Survive"""
95,0385722206,Balzac and the Little Chinese Seamstress : A Novel
95,0345339681,The Hobbit : The Enchanting Prelude to The Lord of the Rings
95,0679746048,"Girl, Interrupted"
95,0380731851,Mystic River
95,0743237188,Fall On Your Knees (Oprah #45)
95,0385486804,Into the Wild
95,0449212602,The Handmaid's Tale
97,0671004573,Before I Say Good-Bye
97,0425116840,The Cardinal of the Kremlin (Jack Ryan Novels)
97,0425143325,Without Remorse
97,0671004565,We'll Meet Again
97,0671004530,On the Street Where You Live
97,0425133540,The Sum of All Fears (Jack Ryan Novels)
97,0425122123,Clear and Present Danger (Jack Ryan Novels)
97,0553580221,False Memory
97,0425109720,Patriot Games (Jack Ryan Novels)
97,0425083837,The Hunt for Red October
99,0312926286,Blue Bedroom and Other Stories
99,0679457550,The Short History of a Prince : A Novel
99,0684852217,Close Range: Wyoming Stories
99,0812507738,The Night of Four Hundred Rabbits
99,0140042326,The Pearl and The Red Pony (Two Books in One)
99,1551665395,Paper Rose
99,0684810484,And Never Let Her Go : Thomas Capano: The Deadly Seducer
99,1551667339,White Lies
99,006008216X,Get Shorty
99,0688105548,Grievous Sin: A Peter Decker/Rina Lazarus Mystery (Peter Decker &amp; Rina Lazarus Novels (Hardcover))
102,8483107783,La Siesta Asesinada
102,085449006X,The Dark Pageant
102,1561632791,2024: A Graphic Novel
102,0595216145,Kat Mandu's Holistic Advertising Agency
102,0898153174,What Color Is Your Parachute 1990 (What Color is Your Parachute? (Paperback))
102,8483106574,Cuando El Hombre Encontro Al Perro
102,0595222560,Head Case: A Rock and Roll Novel
102,1587611155,The Teen Spell Book: Magick for Young Witches
102,0595197124,The Courtship Dance of the Borderline
102,0785280642,"God Said It, Don't Sweat It Sound Encouragement To Keep The Little Things From Overwhelming You"
107,0671896768,Crossover (Star Trek: The Next Generation)
107,0671708368,"Fortune's Light (Star Trek The Next Generation, No 15)"
107,067170561X,"Contamination (Star Trek: The Next Generation, No. 16)"
107,0671540025,"Invasion #1: First Strike (Star Trek, Book 79)"
107,0671002384,Ancient Blood:  Day of Honor #1 (Star Trek The Next Generation)
107,0671795678,"Requiem (Star Trek The Next Generation, No 32)"
107,0671869094,SHADOWS ON THE SUN: STAR TREK (Star Trek)
107,0884042847,"The Enemy Within (Mission Earth, Vol 3)"
107,0884042820,"The Invaders Plan (Mission Earth Series, Vol 1)"
107,0671775715,"Imbalance (Star Trek The Next Generation, No 22)"
109,2266123203,Lettres de ruptures
109,0671674218,WHEN A CHILD KILLS
109,0743427106,"Just Curious About Animals and Nature, Jeeves (Ask Jeeves)"
109,0671535951,Clean House Clean Planet
109,2266082604,Au Bonheur des Dames
109,0671417614,HT ENJOY LIFE JOB
109,2266132415,L'Arbre de NoÃ?Â«l
109,067186419X,GERMAN / ENGLISH DICTIONARY (REVISED)
109,0671827871,ALONE
109,2266102710,FaÃ?Â«rie
110,0515113093,"Countdown (Carrier, Book 6)"
110,0061097748,Kill Me First
110,0515121584,Heart of Alaska
110,006109028X,Sharpe's Devil
110,0312957785,The Venus Throw
110,0061013943,Butterfly Lost (Laura Winslow Mysteries)
110,0684842602,GATEKEEPER
110,0439112036,Drawing Lessons
110,0449005127,Eyes
110,0684178834,Counted Cross-Stitch Designs for All Seasons ([Scribner needlecrafts library])
114,0786015578,Black Water
114,0786015241,Fatal Error
114,0786015136,Married to Murder
114,1575663309,Back to School Murder: A Lucy Stone Mystery (Lucy Stone Mysteries (Paperback))
114,0812522281,Villains by Necessity
114,0812515161,The Jaguar Princess
114,1575668394,Mad As the Dickens (Laura Fleming Mystery)
114,0786013230,Out of Sight
114,0553156055,LIZARD MUSIC
114,0786001216,Eye of the Beholder
125,0805063897,Nickel and Dimed: On (Not) Getting By in America
125,0684874350,ANGELA'S ASHES
125,1558743669,"A Child Called \It\"": One Child's Courage to Survive"""
125,0385722206,Balzac and the Little Chinese Seamstress : A Novel
125,0345339681,The Hobbit : The Enchanting Prelude to The Lord of the Rings
125,0679746048,"Girl, Interrupted"
125,0380731851,Mystic River
125,0743237188,Fall On Your Knees (Oprah #45)
125,0385486804,Into the Wild
125,0449212602,The Handmaid's Tale
129,0399147381,Hemlock Bay
129,0312979479,And Then There Were None : A Novel
129,0671014188,The Summerhouse
129,0399144315,The Cat Who Saw Stars
129,0345434692,The Skies of Pern
129,0441003389,Freedom's Landing
129,0345334310,The Ship Who Sang
129,1558747060,"Chicken Soup for the Single's Soul - 101 Stories of Love and Inspiration for the Single, Divorced and Widowed"
129,1558744029,Chicken Soup for the Surviving Soul: 101 Healing Stories to Comfort Cancer Patients and Their Loved Ones
129,0345424603,The Masterharper of Pern (Dragonriders of Pern (Paperback))
132,0671027581,Open Season
132,0671026011,The Empty Chair
132,0671034022,Mercy
132,0671002481,The First Wives Club Movie Tie In
132,0425183971,Reunion in Death
132,080411918X,A Patchwork Planet
132,0446350982,Presumed Innocent
132,0446608262,The Lion's Game
132,0446343455,Tourist Season
132,0446527165,Wish You Well
133,0345389751,Walk in the Light
133,0345329201,Truly Tasteless Jokes
133,0449911586,The Official Rules of Card Games
133,0345375521,Witnesses from the Grave: The Stories Bones Tell
133,0345300564,Claudine at School
133,0345462114,The Drowning Tree
133,0345312678,Nana
133,0345339975,A Piece of My Heart
133,0345376749,Dead Folks' Blues (Harry James Denton Mysteries)
133,0345424050,The Force of Character: And the Lasting Life
135,0933071159,"The Heart of Business: Ethics, Power and Philosophy"
135,0006375340,The Green Age Diet Plan
135,0471858773,Win-Win Negotiating: Turning Conflict Into Agreement
135,0375500936,The Silver Castle
135,0060194863,"The Brigade : An Epic Story of Vengeance, Salvation, and World War II"
135,051508798X,Last Ditch
135,0001811819,Paddington and the Marmalade Maze (Paddington First Books)
135,0471618764,Microcomputer Aided Design: For Architects and Designers
135,1571312374,"The Barn at the End of the World : The Apprenticeship of a Quaker, Buddhist Shepherd"
135,0807067644,The Beacon Book of Quotations by Women
139,0140168354,They Used to Call Me Snow White...but I Drifted: Women's Strategic Use of Humor
139,0140104321,Cadillac desert: The American West and its disappearing water
139,014023716X,Volunteer Slavery: My Authentic Negro Experience
139,0140586954,Fear of Dreaming: The Selected Poems of Jim Carroll (Penguin Poets)
139,0140020306,Memoirs of a Dutiful Daughter
139,0140267646,La bolsa o la vida
139,0140194614,Myths to Live by
139,0140243283,Late Night Thoughts on Listening to Mahler's Ninth Symphony
139,0140141472,India: Granta 57 (Granta (Viking))
139,0140298541,"My War Gone By, I Miss It So"
141,0316879568,Bleeding Hearts
141,0855031468,A Happy Christmas for Mr Mole
141,038075827X,A Troubling Along the Border
141,0749300051,China Saga
141,0307627950,Muppet Christmas Carol (Golden Look-Look Books)
141,905000105X,Het huis van de zeven zusters
141,0061054224,Dark Prince (The World of Darkness : Vampire)
141,0397321333,"Telling Fortunes: Love Magic, Dream Signs, and Other Ways to Learn the Future"
141,9023405587,De ergste treitertrends (BB literair)
141,0312952155,Life's Little Frustration Book: A Parody
144,0425158632,Executive Orders (Jack Ryan Novels)
144,0425180964,The Bear and the Dragon (Jack Ryan Novels)
144,0425107469,Watchers
144,0425109720,Patriot Games (Jack Ryan Novels)
144,0425132951,The House of Thunder
144,0425153975,The Eyes of Darkness
144,0671568175,Let Me Call You Sweetheart
144,0345386108,Winter Moon
144,0425083837,The Hunt for Red October
144,0425144429,Mr. Murder
151,0671024809,Wither
151,1857023986,Pollen
151,0525455205,Pooh and the Philosophers : In Which It Is Shown That All of Western Philosophy Is Merely a Preamble to Winnie-The-Pooh
151,0670858382,The Night Room
151,0316102814,Bunny Modern: A Novel
151,0743480716,Underworld : Book 1
151,0743421566,Shanghai Baby
151,0684800993,OUR NOISE
151,0671034669,The Embrace : A True Vampire Story
151,0517886014,"The Unofficial X-Files Companion: An X-Phile's Guide to the Mysteries, Conspiracies, and Really Strange Truths Behind the Show"
160,8486491002,Identitats: Converses a TV3 (Edicions La Campana)
160,0517320908,"6200 Wisecracks, Witty Remarks &amp; Epigrams for All Occasions"
160,8441000433,El Sombrero De Tres Picos
160,2842055837,Du vin et du haschish
160,2841861015,Menace sur Internet: Des groupes subversifs et terroristes sur le Net
160,0891077421,Twice upon a Time
160,0671039199,Deep Water (Buffy the Vampire Slayer)
160,067188784X,WILL POWER
160,0883752174,Mystery of the lobster thieves (Weekly Reader Children's Book Club edition)
160,0006512801,Prospero's Children
162,0451125487,Bad Blood
162,0451200799,The Shadow Hunter
162,0451190904,Survivor
162,0451194160,Conspiracy Theory
162,0451406028,Thicker Than Water
162,0451138104,Clubbable Woman
162,0451142187,Vital Signs
162,0553278320,"If You Meet the Buddha on the Road, Kill Him : The Pilgrimage Of Psychotherapy Patients"
162,0553380850,Lamb in Love
162,0451176936,Shudder
165,0679742298,The Talented Mr. Ripley (Vintage Crime/Black Lizard)
165,0553289691,SKINNY LEGS AND ALL
165,0345303067,2010: Odyssey Two
165,0140280553,"Galileo's Daughter: A Historical Memoir of Science, Faith, and Love"
165,0345314255,Sword of Shannara
165,0553575384,To Say Nothing of the Dog
165,0743225325,Good Harbor: A Novel
165,0440217520,Tunnel Vision (V.I. Warshawski Novels (Paperback))
165,0064471047,"The Lion, the Witch, and the Wardrobe (The Chronicles of Narnia, Book 2)"
165,1573221937,How to Be Good
169,0553574663,The Grilling Season
169,0446603422,Stormy Weather
169,0445406518,Crocodile on the Sandbank
169,0446350109,Windmills of the Gods
169,0446602213,"Morning, Noon &amp; Night"
169,0671797050,FIRST WIVES CLUB
169,0425181464,Seduction in Death
169,0446671002,The Celestine Prophecy
169,0553582364,A Traitor to Memory
169,0553583956,Safe Harbor
176,0333290348,"Tolkien's Art: \a Mythology for England\"""""
176,0333539389,Noah's Ark (Picturemac)
176,0330236202,Onward Virgin Soldiers
176,0752208004,Quantum Leap: Search and Rescue
176,0426113322,"Doctor Who: The Daemons (Target Doctor Who Library, No 15)"
176,0491034849,Doctor Who: Illustrated A-Z
176,0330297090,Kaffir Boy: Growing Out of Apartheid
176,1560252782,Explore: Stories of Survival from Off the Map (Adrenaline Series)
176,1573241210,Simple Fun for Busy People: 333 Ways to Enjoy Your Loved Ones More in the Time You Have
176,0136664059,Physical Geology
178,0553278029,A Great Deliverance
178,0425167720,An Instance of the Fingerpost
178,0553582658,Summer Light
178,0446608262,The Lion's Game
178,0553572210,Silent Treatment
178,0553295772,Extreme Measures
178,0425183971,Reunion in Death
178,0451192001,How Stella Got Her Groove Back
178,0446350982,Presumed Innocent
178,0553578685,The Third Victim
183,0785796320,On the Road (Penguin Twentieth Century Classics)
183,325722706X,Selbs Betrug
183,8401426715,Siddhartha
183,3453099397,Star Wars. Die Meister der Macht.
183,2070732924,Sous les draps et autres nouvelles
183,8478444122,de Fabula
183,3492229301,Land aus Glas.
183,2070394867,Kitchen
183,3442247179,Der AusgestoÃ?Â?ene von Shannara.
183,9700509222,Terreno peligroso
185,0553377868,The Flanders Panel
185,0553560735,Red Mars (Mars Trilogy)
185,038000321X,Alive : The Story of the Andes Survivors (Avon Nonfiction)
185,0440127793,Galapagos
185,0553099558,My Point - And I Do Have One
185,0440178002,Shogun
185,038072118X,Where is Joe Merchant?
185,0553280945,The Mammoth Hunters (Earth's Children (Paperback))
185,0142002267,"Word Freak: Heartbreak, Triumph, Genius, and Obsession in the World of Competitive Scrabble Players"
185,0380703882,Communion : A True Story
190,002021782X,Eating Smart: ABCs of the New Food Literacy
190,8432066435,La puerta de la esperanza
190,3442723701,Die Hauswaffe.
190,3426608189,Die Hochzeit Meine Besten Freundes
190,0006240038,Why am I afraid to love?
190,0749915463,"Dare to Connect: How to Create Confidence, Trust and Loving Relationships"
190,3442724120,Der HÃ?Â¼hnerdieb.
190,0749302631,Raj
190,0441483585,The Limbreth Gate
190,0743410521,In Our Own Words : Extraordinary Speeches of the American Century
193,0316666343,The Lovely Bones: A Novel
193,0385504209,The Da Vinci Code
193,0060928336,Divine Secrets of the Ya-Ya Sisterhood: A Novel
193,0312195516,The Red Tent (Bestselling Backlist)
193,044023722X,A Painted House
193,0142001740,The Secret Life of Bees
193,067976402X,Snow Falling on Cedars
193,0671027360,Angels &amp; Demons
193,0446672211,Where the Heart Is (Oprah's Book Club (Paperback))
193,0316601950,The Pilot's Wife : A Novel
199,0812572335,"The Ring of Five Dragons (The Pearl, Book 1)"
199,0440327709,From Here to Eternity
199,006000942X,How to Read Literature Like a Professor : A Lively and Entertaining Guide to Reading Between the Lines
199,0812518152,The Elementals
199,0440226708,The Incredible Journey
199,0140363726,"Your Mother Was a Neanderthal (Time Warp Trio, 4)"
199,0812564936,Queen of Demons : The second book in the epic saga of 'The Lord of the Isles' (Lord of the Isles)
199,0380788144,The Death of the Necromancer
199,0152025057,Ginger Pye
199,0812562712,The Dragon In Lyonesse (Dragon)
202,3404921178,Nur der Tod ist ohne Makel.
202,0140043047,The Masks of God : Primitive Mythology
202,3442448794,Traumreisende.
202,3404920872,Die Stimme der Violine. Commissario Montalbanos lÃ?Â¶st seinen vierten Fall.
202,0451525337,The Song of the Lark (Signet Classic)
202,1853260770,Woman in White (Wordsworth Collection)
202,3442414806,Teuflisch.
202,3442451353,Das Wunschspiel.
202,344244084X,Die Schatten von La Rochelle.
202,0140254641,Therapy
204,0886776503,"Fire in the Sky (Shadowsong Trilogy, No 1)"
204,0451458680,Belarus
204,0812518152,The Elementals
204,0886776260,Vampire Detectives
204,0192823698,The Education of Henry Adams (Oxford World's Classics)
204,0886771048,Kif Strike Back
204,067101191X,ARMAGEDDON: BATTLESTAR GALACTICA (Battlestar Galactica (Berkley))
204,0886771439,Angel With the Sword (Merovingen Nights  #2)
204,0060929324,If You Had Controlling Parents : How to Make Peace with Your Past and Take Your Place in the World
204,0385333269,Before and After
207,0553581023,Follow the Stars Home
207,044661095X,Killing Time
207,0553560271,Shadows
207,0553578359,Chopping Spree
207,0425117383,At Risk
207,0445406518,Crocodile on the Sandbank
207,0553566040,Missing Joseph
207,0553583956,Safe Harbor
207,0553580388,The Patient
207,0446354678,Memories of Midnight
212,0505522659,Knight of a Trillion Stars (Futuristic Romance)
212,0394756886,"Bright lights, big city: A novel"
212,0505524686,Midnight Embrace
212,0679723137,Invisible Man
212,1582341400,A Cook's Tour
212,3552052054,Die RÃ?Â¼ckkehr des Tanzlehrers.
212,0505525305,A Girl's Guide to Vampires
212,0446611727,Some Girls Do
212,1573247022,The Food Revolution: How Your Diet Can Help Save Your Life and Our World
212,158234146X,Sarah
215,0451406222,"A Stranger in the Family: A True Story of Murder, Madness, and Unconditional Love"
215,0451409639,Pandora's Curse (Philip Mercer (Paperback))
215,0451197054,Secret Weekend
215,0671015184,The Kissing Stars (Sonnet Books)
215,044900273X,Island of the Swans
215,0312952228,The Ryer Avenue Story
215,0758200447,Mourning Glory
215,0312198817,"Fatal Majesty: A Novel of Mary, Queen of Scots"
215,0821772147,What She Doesn't Know (Zebra Romantic Suspense)
215,0449006360,The Duke
217,0140275657,Age of Iron
217,0140189394,Complete Stories (Penguin Twentieth Century Classics)
217,0140437894,Pygmalion: A Romance in Five Acts (Penguin Classics)
217,0140157654,Before Night Falls
217,014025644X,Rice
217,0142003891,All over Creation
217,0140150056,The Portable World Bible (Viking Portable Library)
217,0140441336,Barber of Seville and the Marriage of Figaro (Classics S.)
217,0140020845,A Zoo in My Luggage
217,0140141472,India: Granta 57 (Granta (Viking))
224,0446343455,Tourist Season
224,0425169693,Here on Earth (Oprah's Book Club)
224,0446611476,Stone Kiss
224,0446354732,Nothing Lasts Forever
224,0446353205,The Charm School
224,0446356832,The Sands of Time
224,0553574671,Prime Cut
224,0425132048,Eyes of Prey
224,0425146413,Night Prey
224,0425137562,Silent Prey
226,0671694049,LONG DARK TEA TIME OF THE SOUL
226,0345272579,The Hobbit
226,055380250X,"The Taking (Koontz, Dean)"
226,0345326342,Garfield Rolls on (Garfield (Numbered Paperback))
226,0425104273,The First Deadly Sin
226,0345391810,The Restaurant at the End of the Universe (Hitchhiker's Trilogy (Paperback))
226,0553582895,Dark Rivers of the Heart
226,0553247786,Miracle Worker
226,0671681796,WORLD ACCORDING TO GARP
226,0671778714,HIDDEN TALENTS
228,0142003727,Revenge of the Middle-Aged Woman
228,140003180X,The Kalahari Typing School for Men (No. 1 Ladies' Detective Agency)
228,060980619X,God Save the Sweet Potato Queens
228,0767903579,Falling Leaves: The True Story of an Unwanted Chinese Daughter
228,0826308791,The Education of Little Tree (A Zia Book)
228,0786866845,Ice Bound: A Doctor's Incredible Battle for Survival at the South Pole
228,0679732411,Gift from the Sea
228,1573229083,My Dream of You
228,0375502025,The Greatest Generation
228,0553278746,The Postman (Bantam Classics)
230,0553287893,Rendezvous with Rama
230,0553802488,The Face
230,0451202503,The Songcatcher: A Ballad Novel
230,0451180410,Mortal Fear
230,0553581023,Follow the Stars Home
230,0553578359,Chopping Spree
230,0451207246,How to Murder a Millionaire
230,0515118230,Home Song
230,0553277243,Time Flies
230,0451188489,A Maiden's Grave
232,0671004093,The Doggone Detectives Frank And Joe Hardy The Clues Brothers 8 (HARDY BOYS CLUES BROS.)
232,0758201494,The Club
232,0671892495,OPERATION SHERLOCK (AI GANG 1) : OPERATION SHERLOCK (AI GANG 1)
232,0689804091,Dogsong
232,1590070003,The Veteran
232,0689805985,Alice the Brave (Alice)
232,0843932651,When Passion Calls
232,0451407563,White Fire
232,1558176594,Moondust and Madness
232,0446601551,Body and Soul
236,0345285980,Crystal singer
236,0553205315,Road to Gandolfo
236,0525946284,Jackdaws
236,0399135782,The Kitchen God's Wife
236,0446523321,The Simple Truth
236,0380841940,"Refugee (Bio of a Space Tyrant, Vol 1)"
236,0517702967,The Third Twin: A Novel
236,0553130986,Matarese Circle
236,0684802988,FLOOD TIDE
236,0399137769,Driving Force
237,074755305X,Jacques and Lotka: A Resistance Story
237,0824075978,The Arthurian Handbook
237,0395859964,The Journals of Lewis and Clark (Lewis &amp; Clark Expedition)
237,0028613406,Killing Time: The First Full Investigation into the Unsolved Murders of Nicole Brown Simpson and Ronald Goldman
237,0671745905,FREE MONEY FOR DAY CARE (Free Money for Childcare Series)
237,0375421599,The Darts of Cupid and Other Stories
237,0310248299,"Cross and the Switchblade, The"
237,0673469271,Calculus of a Single Variable
237,0880888008,Your Golden Angel
237,0932592147,Kids Cooking: A Very Slightly Messy Manual
241,0345322215,Wielding a Red Sword (Incarnations of Immortality (Paperback))
241,0345424603,The Masterharper of Pern (Dragonriders of Pern (Paperback))
241,0345334310,The Ship Who Sang
241,0345434684,The Skies Of Pern
241,0345434692,The Skies of Pern
241,0345311078,Dragon on a Pedestal
241,0345350588,Source of Magic (Xanth Novels (Paperback))
241,0345301870,"Ogre, Ogre"
241,0812532570,Speaker for the Dead (Ender Wiggins Saga (Paperback))
241,0380759497,Xanth 15: The Color of Her Panties
242,0451525434,Dubliners
242,0140274286,Brighton Rock (Essential.penguin S.)
242,3442442508,Dunkle Kammern.
242,3499226863,Gott und die Wilmots.
242,3492229301,Land aus Glas.
242,2070732924,Sous les draps et autres nouvelles
242,3499131706,Sieben Sekunden. Roman.
242,3453099397,Star Wars. Die Meister der Macht.
242,0141182520,Metamorphosis (Penguin Modern Classics)
242,342310516X,Wenn ein Reisender in einer Winternacht.
243,0767900383,Under the Tuscan Sun
243,038572179X,Atonement : A Novel
243,0385479565,The Hot Zone
243,0842329218,Tribulation Force: The Continuing Drama of Those Left Behind (Left Behind No. 2)
243,0871136791,Cold Mountain
243,0312282990,The Amazing Adventures of Kavalier &amp; Clay
243,0345350499,The Mists of Avalon
243,0452264464,Beloved (Plume Contemporary Fiction)
243,0399144463,Who Moved My Cheese? An Amazing Way to Deal with Change in Your Work and in Your Life
243,0671038184,Jewel
244,038079487X,What Looks Like Crazy On An Ordinary Day
244,0679745203,The English Patient
244,0061097101,The Saving Graces: A Novel
244,0440212561,Outlander
244,0140244824,Songs in Ordinary Time (Oprah's Book Club (Paperback))
244,0440236703,Tell No One
244,0064407667,"The Bad Beginning (A Series of Unfortunate Events, Book 1)"
244,014025448X,At Home in Mitford (The Mitford Years)
244,0553250426,The Clan of the Cave Bear (Earth's Children (Paperback))
244,0385486804,Into the Wild
247,9722504371,A vida plural de Fernando Pessoa
247,9682702127,MÃ©xico negro: Una novela polÃ­tica (Novelistas contemporÃ¡neos)
247,8470308041,Quinta del 42 (Clasicos de Biblioteca Nueva)
247,9722110217,Ensaio sobre a cegueira: Romance (O campo da palavra)
247,5020054542,"Tabakokurenie i mozg (\Chelovek i okruzhaiushchaia sreda\"")"""
247,8472353575,Los seductores (ColecciÃ³n Los Marginados)
247,8308029094,Bezpowrotnie utracona leworecznosc
247,1569313202,"Banana Fish, Vol. 1"
247,9726080045,Banqueiro Anarquista
247,9724701131,HistÃ³rias da terra e do mar
250,0061020664,Wyrd Sisters (Discworld Novels (Paperback))
250,0061056901,Interesting Times (Discworld Novels (Paperback))
250,0061020672,Sourcery (Discworld 5)
250,0061020400,The Fifth Elephant: A Novel of Discworld
250,0671625837,The Long Dark Tea-Time of the Soul
250,0061059064,Jingo: A Novel of Discworld
250,0812533313,The Worthing Saga
250,0061059056,Hogfather
250,0812533534,Seventh Son (Tales of Alvin Maker (Paperback))
250,0140430474,Sense and Sensibility (Penguin Classics)
254,0671644823,"Deviant: The Shocking and True Story of Ed Gein, the Original Psycho"
254,0671708627,WOMEN WHO LOVE TOO MUCH
254,0671897527,Digging Up Momma (Samantha Adams Mystery)
254,0671707639,WHAT COLOR IS YOUR AURA? : WHAT COLOR IS YOUR AURA?
254,0671028138,Day Of Honor Omnibus
254,0671889826,GERONIMO: AN AMERICAN LEGEND
254,0743403347,Fortune's Bride
254,0671498053,LONDON EMBASSY
254,0671026259,Priceless
254,0671016717,Blue Blood (Ivy League Mysteries)
256,0786889616,Parallel Lies
256,0679430946,The Hot Zone
256,0553234811,"Valley of the Horses (Auel, Jean M. , Earth's Children.)"
256,0670878847,The Most Wanted
256,0060198133,Five Quarters of the Orange
256,0671027573,Mr. Perfect
256,0156011042,East of the Mountains (Vintage Contemporaries (Paperback))
256,0385413041,Beach Music
256,0812971043,The Dante Club : A Novel
256,0380723638,Ill Wind (Anna Pigeon Mysteries (Paperback))
257,0375707425,Embers
257,157322202X,The Dream of Scipio
257,0385315546,Drinking : A Love Story
257,0380708213,The Forever War
257,0156001942,Winter's Tale
257,1573220280,The Cloister Walk
257,0393325172,Master and Commander (Movie Tie-In Edition)
257,0671507036,Montana 1948 : Montana 1948
257,0553270257,Lincoln's Dreams
257,0312199406,Night of Many Dreams : A Novel
272,038072975X,Midnight Champagne : A Novel (Mysteries &amp; Horror)
272,0060959355,More Than You Know: A Novel
272,0142000892,Miss Julia Takes over
272,0060090375,Lucy Sullivan Is Getting Married
272,0060981180,Mariette in Ecstasy
272,0380725231,Coyote Blue
272,0060915188,An American Childhood
272,0140286276,The Deep End of the Ocean (Oprah's Book Club)
272,0060540753,Patron Saint of Liars : A Novel
272,0060972459,Tracks RI
273,157322913X,The Virgin of Bennington
273,0192834320,Barchester Towers (Oxford World's Classics)
273,0385473990,"The Eros of Everyday Life: Essays on Ecology, Gender and Society"
273,1573228540,"Water, Carry Me: A Love Story"
273,0671698869,IN THE COUNTRY OF THE BLIND
273,1573228575,The Forest for the Trees: An Editor's Advice to Writers
273,0064440346,Owl at Home (I Can Read Book 2)
273,0671876430,LEGACY
273,0064401499,"Hello, Mrs. Piggle-Wiggle"
273,1573227846,Another Country: Navigating the Emotional Terrain of Our Elders
278,0590483242,"Good-Bye to Love (Last Summer, First Love Book 2)"
278,0439405572,Guardians Of Ga'hoole: The Capture
278,0590448986,Aliens in the Family
278,0590483234,"A Time to Love (Last Summer, First Love, Book 1)"
278,0821769960,A Kiss for Lucy (Zebra Regency Romance)
278,0821765736,Anything for You (Zebra Splendor Historical Romances)
278,0516025120,"A Kid's Guide to Managing Money: A Children's Book About Money Management (Ready-Set-Grow! (Chicago, Ill.).)"
278,0720720435,First Aid for Cats
278,0786810068,The Little Green Dragon Steps Out
278,055315608X,Zucchini
280,0385484518,"Tuesdays with Morrie: An Old Man, a Young Man, and Life's Greatest Lesson"
280,0375706771,Midwives: A Novel
280,0440206154,Red Dragon
280,0786868716,The Five People You Meet in Heaven
280,0671510053,SHIPPING NEWS
280,006101351X,The Perfect Storm : A True Story of Men Against the Sea
280,0312291639,The Nanny Diaries: A Novel
280,0385492081,Into Thin Air : A Personal Account of the Mt. Everest Disaster
280,0060934417,Bel Canto: A Novel
280,0446310786,To Kill a Mockingbird
289,0671016008,I Saw You First
289,055357115X,Until Angels Close My Eyes
289,0802138845,Crawling at Night
289,0061020273,eXistenZ: A Novelization
289,0064406431,X Files #08 Voltage (X Files Middle Grade)
289,0553567152,"Don't Die, My Love"
289,0553259202,"Heroes, Gods and Monsters of Greek Myths"
289,0007100930,Good Intentions
289,0440218934,Morning Is a Long Time Coming
289,0671520482,"Incident at Arbuk (Star Trek Voyager, No 5)"
291,0884270610,The Goal: A Process of Ongoing Improvement
291,1883473004,Mutant Message: Down Under
291,0376038519,Western Garden Book
291,1901970310,Little Earth Book
291,1591291976,Wayne's Dead
291,1561483516,That Dorky Homemade Look: Quilting Lessons from a Parallel Universe
291,0910034214,One Day at a Time in Al-Anon
291,0965866807,300 Incredible Things to Do on the Internet  -- Vol. I
291,0940322471,A Month in the Country (New York Review Books Classics)
291,0963198106,Where Angels Walk: True Stories of Heavenly Visitors
300,0684195488,Accordion Crimes
300,0380820889,Blindsighted
300,002026478X,AGE OF INNOCENCE (MOVIE TIE-IN)
300,0312283709,Running with Scissors
300,0684863472,A Heartbreaking Work Of Staggering Genius : A Memoir Based on a True Story
300,0553096834,Couplehood
300,0804106436,Oldest Living Confederate Widow Tells All
300,0449223345,A Pirate Looks at Fifty
300,0440220424,Having Our Say : The Delany Sisters' First 100 Years
300,1551669153,Split Second (Maggie O'Dell Novels (Paperback))
302,0312926022,Sanibel Flats (A Doc Ford Novel)
302,0140144102,Leader of the Band (King Penguin)
302,0060808233,Busman's Honeymoon: A Love Story with Detective Interruptions
302,0670830909,The Cloning of Joanna May
302,0380514745,The Assistant
302,0394531035,The Good War: An Oral History of World War Two
302,006097043X,No Fond Return of Love
302,0312978979,Lie Like A Rug (A Ginger Barnes Mystery)
302,0060192313,Wisdom of the Ages: A Modern Master Brings Eternal Truth into Everyday Life
302,0312980124,The Gardens of Covington : A Novel (Covington)
306,0486264645,Heart of Darkness (Dover Thrift Editions)
306,0486268705,Dubliners (Dover Thrift Editions)
306,0486284999,Narrative of the Life of Frederick Douglass (Dover Thrift Editions)
306,0486264785,The Importance of Being Earnest (Dover Thrift Editions)
306,0486277860,The Awakening (Dover Thrift Editions)
306,0486278077,The Picture of Dorian Gray (Dover Thrift Editions)
306,0679720219,The Plague (Vintage International)
306,055329024X,Earth
306,014034991X,Westing Game
306,0440495962,The Witch of Blackbird Pond (Yearling Newbery)
310,0831773758,Remington and Russell
310,0689839049,Among the Impostors
310,0763606995,Thirsty
310,3257056036,Labyrinth. Turmbau. Stoffe I - IX.
310,0609808265,Facing the Congo: A Modern-Day Journey into the Heart of Darkness
310,0465068626,"Our Final Hour: A Scientist's Warning: How Terror, Error, and Environmental Disaster Threaten Humankind's Future In This Century--On Earth and Beyond"
310,8483004763,El professor de mÃºsica (ColÂ¨lecciÃ³ clÃ ssica)
310,0828903689,The childfree alternative
310,0898797063,Aliens and Alien Societies (Science Fiction Writing Series)
310,0691017379,The Seducer's Diary
